Well,Sample description 1,Sample description 2,Sample description 3,Sample description 4,Target,Conc(copies/µL),pg/µL,Status,Status Reason,Experiment,SampleType,TargetType,Supermix,DyeName(s),Copies/20µLWell,TotalConfMax,TotalConfMin,PoissonConfMax,PoissonConfMin,Accepted Droplets,Positives,Negatives,Copies/uL linked molecules,CNV,TotalCNVMax,TotalCNVMin,PoissonCNVMax,PoissonCNVMin,ReferenceCopies,UnknownCopies,Threshold1,Threshold2,Threshold3,ThresholdSigmaAbove,ThresholdSigmaBelow,ReferenceUsed,Ratio,TotalRatioMax,TotalRatioMin,PoissonRatioMax,PoissonRatioMin,Fractional Abundance,TotalFractionalAbundanceMax,TotalFractionalAbundanceMin,PoissonFractionalAbundanceMax,PoissonFractionalAbundanceMin,MeanAmplitudeOfPositives,MeanAmplitudeOfNegatives,MeanAmplitudeTotal,ExperimentComments,MergedWells,TotalConfidenceMax68,TotalConfidenceMin68,PoissonConfidenceMax68,PoissonConfidenceMin68,TotalCNVMax68,TotalCNVMin68,PoissonCNVMax68,PoissonCNVMin68,TotalRatioMax68,TotalRatioMin68,PoissonRatioMax68,PoissonRatioMin68,TotalFractionalAbundanceMax68,TotalFractionalAbundanceMin68,PoissonFractionalAbundanceMax68,PoissonFractionalAbundanceMin68,TiltCorrected,Ch1+Ch2+,Ch1+Ch2-,Ch1-Ch2+,Ch1-Ch2-,Ch3+Ch4+,Ch3+Ch4-,Ch3-Ch4+,Ch3-Ch4-,Ch5+Ch6+,Ch5+Ch6-,Ch5-Ch6+,Ch5-Ch6-
A01,Positive_Control,,,,1,No Call,,CHECK,Automatic Analysis Unsuccessful,DQ,PosCtrl,Unknown,ddPCR Supermix for Probes (No dUTP),FAM,,,,,,19888,0,19888,0,,,,,,,,,,,,,,,,,,,,,,,,,1631.33540608781,1631.33540608781,,,,,,,,,,,,,,,,,,,No,0,0,0,19888,0,0,0,0,0,0,0,0
A01,Positive_Control,,,,2,No Call,,CHECK,Automatic Analysis Unsuccessful,DQ,PosCtrl,Unknown,ddPCR Supermix for Probes (No dUTP),HEX,,,,,,19888,0,19888,0,,,,,,,,,,,,,,,,,,,,,,,,,5589.63537155728,5589.63537155728,,,,,,,,,,,,,,,,,,,No,0,0,0,19888,0,0,0,0,0,0,0,0
A02,NTC,,,,1,No Call,,CHECK,Automatic Analysis Unsuccessful,DQ,NTC,Unknown,,FAM,,,,,,21525,0,21525,0,,,,,,,,,,,,,,,,,,,,,,,,,479.098479972246,479.098479972246,,,,,,,,,,,,,,,,,,,No,0,0,28,21497,0,0,0,0,0,0,0,0
A02,NTC,,,,2,1.63730800151825,,OK,,DQ,NTC,Unknown,,HEX,32.7461585998535,,,2.32379841804504,1.10167372226715,21525,28,21497,0,,,,,,,,1543.73388671875,,,,,,,,,,,,,,,,1692.90663800921,1399.75410930681,1400.13544592952,,,,,1.96596193313599,1.34758317470551,,,,,,,,,,,,,No,0,0,28,21497,0,0,0,0,0,0,0,0
A03,H2O,,,,1,16.5233097076416,,OK,,DQ,NTC,Unknown,,FAM,330.466186523438,,,18.4265155792236,14.6229791641235,22222,290,21932,0.0187970528554444,2.83473539352417,,,3.34172324675351,2.32774732314278,2,,,,,,,2,1.41736764247407,,,1.67086162337676,1.16387366157139,58.6326886142754,,,62.9706156462083,54.2947615823425,1528.77316010574,204.5048210917,221.78669573458,,,,,17.4939727783203,15.553394317627,,,3.09340252377683,2.57606804611947,,,1.54670126188841,1.28803402305974,,,60.8459159335093,56.4194612950415,No,3,287,202,21730,0,0,0,0,0,0,0,0
A03,H2O,,,,2,11.6577444076538,,OK,,DQ,NTC,Unknown,,HEX,233.154891967773,,,13.2546186447144,10.062894821167,22222,205,22017,0.0187970528554444,,,,,,,,,,,,,,,,,,,,,,,,5427.36596322409,1410.4838120195,1447.53992042545,,,,,12.4722232818604,10.8437929153442,,,,,,,,,,,,,No,3,287,202,21730,0,0,0,0,0,0,0,0
A04,H2O,,,,1,No Call,,CHECK,Automatic Analysis Unsuccessful,DQ,NTC,Unknown,,FAM,,,,,,22242,0,22242,0,,,,,,,,,,,,,,,,,,,,,,,,,471.673151336442,471.673151336442,,,,,,,,,,,,,,,,,,,No,0,0,0,22242,0,0,0,0,0,0,0,0
A04,H2O,,,,2,No Call,,CHECK,Automatic Analysis Unsuccessful,DQ,NTC,Unknown,,HEX,,,,,,22242,0,22242,0,,,,,,,,,,,,,,,,,,,,,,,,,1385.08596748247,1385.08596748247,,,,,,,,,,,,,,,,,,,No,0,0,0,22242,0,0,0,0,0,0,0,0
A05,H2O,,,,1,0.434440910816193,,OK,,DQ,NTC,Unknown,,FAM,8.68881797790527,,,0.846181154251099,0.184556990861893,20271,7,20264,0,,,,,,,,559.610534667969,,,,,,,,,,,,,,,,1090.65511648996,469.432098915772,469.646620208408,,,,,0.621420800685883,0.289383053779602,,,,,,,,,,,,,No,0,7,0,20264,0,0,0,0,0,0,0,0
A05,H2O,,,,2,No Call,,CHECK,Automatic Analysis Unsuccessful,DQ,NTC,Unknown,,HEX,,,,,,20271,0,20271,0,,,,,,,,,,,,,,,,,,,,,,,,,1380.89108809759,1380.89108809759,,,,,,,,,,,,,,,,,,,No,0,7,0,20264,0,0,0,0,0,0,0,0
A06,H2O,,,,1,No Call,,CHECK,Automatic Analysis Unsuccessful,DQ,NTC,Unknown,,FAM,,,,,,21842,0,21842,0,,,,,,,,,,,,,,,,,,,,,,,,,486.435309837725,486.435309837725,,,,,,,,,,,,,,,,,,,No,0,0,0,21842,0,0,0,0,0,0,0,0
A06,H2O,,,,2,No Call,,CHECK,Automatic Analysis Unsuccessful,DQ,NTC,Unknown,,HEX,,,,,,21842,0,21842,0,,,,,,,,,,,,,,,,,,,,,,,,,1425.26198058473,1425.26198058473,,,,,,,,,,,,,,,,,,,No,0,0,0,21842,0,0,0,0,0,0,0,0
A07,H2O,,,,1,No Call,,CHECK,Automatic Analysis Unsuccessful,DQ,NTC,Unknown,,FAM,,,,,,22378,0,22378,0,,,,,,,,,,,,,,,,,,,,,,,,,481.674846479044,481.674846479044,,,,,,,,,,,,,,,,,,,No,0,0,0,22378,0,0,0,0,0,0,0,0
A07,H2O,,,,2,No Call,,CHECK,Automatic Analysis Unsuccessful,DQ,NTC,Unknown,,HEX,,,,,,22378,0,22378,0,,,,,,,,,,,,,,,,,,,,,,,,,1429.29961699989,1429.29961699989,,,,,,,,,,,,,,,,,,,No,0,0,0,22378,0,0,0,0,0,0,0,0
A08,H2O,,,,1,No Call,,CHECK,Automatic Analysis Unsuccessful,DQ,NTC,Unknown,,FAM,,,,,,21330,0,21330,0,,,,,,,,,,,,,,,,,,,,,,,,,475.543845069481,475.543845069481,,,,,,,,,,,,,,,,,,,No,0,0,0,21330,0,0,0,0,0,0,0,0
A08,H2O,,,,2,No Call,,CHECK,Automatic Analysis Unsuccessful,DQ,NTC,Unknown,,HEX,,,,,,21330,0,21330,0,,,,,,,,,,,,,,,,,,,,,,,,,1408.14339222468,1408.14339222468,,,,,,,,,,,,,,,,,,,No,0,0,0,21330,0,0,0,0,0,0,0,0
A09,H2O,,,,1,No Call,,CHECK,Automatic Analysis Unsuccessful,DQ,NTC,Unknown,,FAM,,,,,,21150,0,21150,0,,,,,,,,,,,,,,,,,,,,,,,,,488.280592413287,488.280592413287,,,,,,,,,,,,,,,,,,,No,0,0,0,21150,0,0,0,0,0,0,0,0
A09,H2O,,,,2,No Call,,CHECK,Automatic Analysis Unsuccessful,DQ,NTC,Unknown,,HEX,,,,,,21150,0,21150,0,,,,,,,,,,,,,,,,,,,,,,,,,1445.65636195839,1445.65636195839,,,,,,,,,,,,,,,,,,,No,0,0,0,21150,0,0,0,0,0,0,0,0
B01,Positive_Control,,,,1,No Call,,CHECK,Automatic Analysis Unsuccessful,DQ,PosCtrl,Unknown,ddPCR Supermix for Probes (No dUTP),FAM,,,,,,21522,0,21522,0,,,,,,,,,,,,,,,,,,,,,,,,,1669.04375089729,1669.04375089729,,,,,,,,,,,,,,,,,,,No,0,0,0,21522,0,0,0,0,0,0,0,0
B01,Positive_Control,,,,2,No Call,,CHECK,Automatic Analysis Unsuccessful,DQ,PosCtrl,Unknown,ddPCR Supermix for Probes (No dUTP),HEX,,,,,,21522,0,21522,0,,,,,,,,,,,,,,,,,,,,,,,,,5756.60422465602,5756.60422465602,,,,,,,,,,,,,,,,,,,No,0,0,0,21522,0,0,0,0,0,0,0,0
B02,NTC,,,,1,0.534514725208282,,OK,,DQ,NTC,Unknown,,FAM,10.6902942657471,,,0.96847015619278,0.254875779151917,21184,9,21175,0,1.49989378452301,,,2.82144803708187,0.17833946455201,2,,566.790588378906,,,,,2,0.74994687540847,,,1.41072401854093,0.0891697322760049,42.855408123942,,,64.433114679473,21.277701568411,1371.90914577908,479.893486430451,480.272458340106,,,,,0.733887434005737,0.375027418136597,,,2.1650954044596,0.834692097174281,,,1.0825477022298,0.41734604858714,,,53.7165026939745,31.9943135539094,No,0,9,12,21163,0,0,0,0,0,0,0,0
B02,NTC,,,,2,0.712736785411835,,OK,,DQ,NTC,Unknown,,HEX,14.2547359466553,,,1.19958996772766,0.379779070615768,21184,12,21172,0,,,,,,,,1542.58984375,,,,,,,,,,,,,,,,1888.34325154622,1399.20180467223,1399.47888630755,,,,,0.939174652099609,0.526020109653473,,,,,,,,,,,,,No,0,9,12,21163,0,0,0,0,0,0,0,0
B03,A1_MOI_1pg,,,,1,7595.51171875,,OK,,DQ,Unknown,Unknown,,FAM,151910.234375,,,7957.90283203125,7264.849609375,21381,21330,51,1388.62684921532,2.39820909500122,,,2.53354160777188,2.26287658993843,2,,1728.04187011719,,,,,2,1.19910454942758,,,1.26677080388594,1.13143829496922,54.526945967153,,,55.9261478586621,53.1277440756438,4607.29649908296,533.575256347656,4597.57947072229,,,,,7775.1435546875,7424.029296875,,,2.46677537794616,2.32964281976415,,,1.23338768897308,1.16482140988207,,,55.2358522614781,53.8180396728278,No,21192,138,50,1,0,0,0,0,0,0,0,0
B03,A1_MOI_1pg,,,,2,6334.31982421875,,OK,,DQ,Unknown,Unknown,,HEX,126686.3984375,,,6562.2021484375,6141.4580078125,21381,21242,139,1388.62684921532,,,,,,,,2393.48486328125,,,,,,,,,,,,,,,,5670.18379806635,1410.50038904423,5642.4911740612,,,,,6445.42822265625,6232.2333984375,,,,,,,,,,,,,No,21192,138,50,1,0,0,0,0,0,0,0,0
B04,B1_MOI_1pg,,,,1,1022.43902587891,,OK,,DQ,Unknown,Unknown,,FAM,20448.78125,,,1040.8017578125,1004.34033203125,22942,12765,10177,235.387565511689,0.313782244920731,,,0.325703619426326,0.301860844798511,2,,1317.06237792969,,,,,2,0.156891116056209,,,0.162851809713163,0.150930422399256,13.561441857298,,,14.0068024950336,13.1160812195625,4308.43192864973,512.70870655019,2624.66088727117,,,,,1031.77429199219,1013.17248535156,,,0.319829468503756,0.307734995721081,,,0.159914734251878,0.153867497860541,,,13.7873552501665,13.3355284644296,No,12705,60,10108,69,0,0,0,0,0,0,0,0
B04,B1_MOI_1pg,,,,2,6516.8701171875,,OK,,DQ,Unknown,Unknown,,HEX,130337.40625,,,6754.4072265625,6317.14453125,22942,22813,129,235.387565511689,,,,,,,,2054.13598632813,,,,,,,,,,,,,,,,5603.82922113394,1381.59411337209,5580.08812058031,,,,,6632.45947265625,6411.015625,,,,,,,,,,,,,No,12705,60,10108,69,0,0,0,0,0,0,0,0
B05,C1_MOI_1pg,,,,1,280.489227294922,,OK,,DQ,Unknown,Unknown,,FAM,5609.78466796875,,,288.706481933594,272.325256347656,22634,4524,18110,229.140792690776,0.065504714846611,,,0.0697593239555018,0.061250100782011,2,,1260.85815429688,,,,,2,0.0327523561843782,,,0.0348796619777509,0.0306250503910055,3.17136591248124,,,3.37081751675525,2.97191430820722,4250.49503845161,512.179143420956,1259.37986397935,,,,,284.674987792969,276.317291259766,,,0.0676605613683809,0.0633488633691319,,,0.0338302806841904,0.031674431684566,,,3.27242978935479,3.07030203560769,No,4523,1,18086,24,0,0,0,0,0,0,0,0
B05,C1_MOI_1pg,,,,2,8563.9404296875,,OK,,DQ,Unknown,Unknown,,HEX,171278.8125,,,9093.3271484375,8099.62158203125,22634,22609,25,229.140792690776,,,,,,,,1515.08435058594,,,,,,,,,,,,,,,,5679.87545195549,1394.65268066406,5675.14228197748,,,,,8823.60546875,8320.96875,,,,,,,,,,,,,No,4523,1,18086,24,0,0,0,0,0,0,0,0
B06,D1_MOI_1pg,,,,1,4459.01611328125,,OK,,DQ,Unknown,Unknown,,FAM,89180.3203125,,,4565.13232421875,4361.16015625,19743,19173,570,0,,,,,,,,1672.82629394531,,,,,,,,,,,,,,,,4533.00603105528,531.328716987476,4417.47363633215,,,,,4512.0380859375,4408.13916015625,,,,,,,,,,,,,No,0,19173,0,570,0,0,0,0,0,0,0,0
B06,D1_MOI_1pg,,,,2,No Call,,CHECK,Automatic Analysis Unsuccessful,DQ,Unknown,Unknown,,HEX,,,,,,19743,0,19743,0,,,,,,,,,,,,,,,,,,,,,,,,,5742.90161609519,5742.90161609519,,,,,,,,,,,,,,,,,,,No,0,19173,0,570,0,0,0,0,0,0,0,0
B07,E1_MOI_1pg,,,,1,12.2032089233398,,OK,,DQ,Unknown,Unknown,,FAM,244.064178466797,,,13.8914127349854,10.5172662734985,20819,201,20618,0,,,,,,,,972.108154296875,,,,,,,,,,,,,,,,4358.94395940221,518.899879377859,555.974131747564,,,,,13.0642538070679,11.3427505493164,,,,,,,,,,,,,No,0,201,0,20618,0,0,0,0,0,0,0,0
B07,E1_MOI_1pg,,,,2,No Call,,CHECK,Automatic Analysis Unsuccessful,DQ,Unknown,Unknown,,HEX,,,,,,20819,0,20819,0,,,,,,,,,,,,,,,,,,,,,,,,,5842.36110671095,5842.36110671095,,,,,,,,,,,,,,,,,,,No,0,201,0,20618,0,0,0,0,0,0,0,0
B08,F1_MOI_1pg,,,,1,No Call,,CHECK,Automatic Analysis Unsuccessful,DQ,Unknown,Unknown,,FAM,,,,,,22274,0,22274,0,,,,,,,,,,,,,,,,,,,,,,,,,4617.5313057685,4617.5313057685,,,,,,,,,,,,,,,,,,,No,0,0,22038,236,0,0,0,0,0,0,0,0
B08,F1_MOI_1pg,,,,2,5719.92919921875,,OK,,DQ,Unknown,Unknown,,HEX,114398.5859375,,,5890.63818359375,5569.64306640625,22274,22038,236,0,,,,,,,,1572.93322753906,,,,,,,,,,,,,,,,5583.41957149476,1376.02093971382,5538.8408664081,,,,,5804.13037109375,5641.01220703125,,,,,,,,,,,,,No,0,0,22038,236,0,0,0,0,0,0,0,0
B09,G1_MOI_1pg,,,,1,6.23859453201294,,OK,,DQ,Unknown,Unknown,,FAM,124.77188873291,,,7.44399929046631,5.03434419631958,20819,103,20716,0,,,,,,,,711.082763671875,,,,,,,,,,,,,,,,4338.79309496833,525.181063709307,544.048542417203,,,,,6.85345220565796,5.62403726577759,,,,,,,,,,,,,No,0,103,0,20716,0,0,0,0,0,0,0,0
B09,G1_MOI_1pg,,,,2,No Call,,CHECK,Automatic Analysis Unsuccessful,DQ,Unknown,Unknown,,HEX,,,,,,20819,0,20819,0,,,,,,,,,,,,,,,,,,,,,,,,,5889.93237149307,5889.93237149307,,,,,,,,,,,,,,,,,,,No,0,103,0,20716,0,0,0,0,0,0,0,0
C01,Positive_Control,,,,1,No Call,,CHECK,Automatic Analysis Unsuccessful,DQ,PosCtrl,Unknown,ddPCR Supermix for Probes (No dUTP),FAM,,,,,,22924,0,22924,0,,,,,,,,,,,,,,,,,,,,,,,,,1657.77581754094,1657.77581754094,,,,,,,,,,,,,,,,,,,No,0,0,0,22924,0,0,0,0,0,0,0,0
C01,Positive_Control,,,,2,No Call,,CHECK,Automatic Analysis Unsuccessful,DQ,PosCtrl,Unknown,ddPCR Supermix for Probes (No dUTP),HEX,,,,,,22924,0,22924,0,,,,,,,,,,,,,,,,,,,,,,,,,5669.20034741582,5669.20034741582,,,,,,,,,,,,,,,,,,,No,0,0,0,22924,0,0,0,0,0,0,0,0
C02,NTC,,,,1,No Call,,CHECK,Automatic Analysis Unsuccessful,DQ,NTC,Unknown,,FAM,,,,,,21935,0,21935,0,,,,,,,,,,,,,,,,,,,,,,,,,479.671449783774,479.671449783774,,,,,,,,,,,,,,,,,,,No,0,0,8,21927,0,0,0,0,0,0,0,0
C02,NTC,,,,2,0.458843320608139,,OK,,DQ,NTC,Unknown,,HEX,9.17686653137207,,,0.85926353931427,0.207720592617989,21935,8,21927,0,,,,,,,,1551.404296875,,,,,,,,,,,,,,,,1999.68264770508,1401.91195032229,1402.12996562108,,,,,0.641796410083771,0.314519077539444,,,,,,,,,,,,,No,0,0,8,21927,0,0,0,0,0,0,0,0
C03,A2_MOI_1pg,,,,1,No Call,,CHECK,Automatic Analysis Unsuccessful,DQ,Unknown,Unknown,,FAM,,,,,,21910,0,21910,0,,,,,,,,,,,,,,,,,,,,,,,,,4664.30107448618,4664.30107448618,,,,,,,,,,,,,,,,,,,No,0,0,21361,549,0,0,0,0,0,0,0,0
C03,A2_MOI_1pg,,,,2,4637.232421875,,OK,,DQ,Unknown,Unknown,,HEX,92744.6484375,,,4745.66943359375,4537.40625,21910,21361,549,0,,,,,,,,2382.70239257813,,,,,,,,,,,,,,,,5620.1044379099,1401.27677475559,5514.39305556979,,,,,4691.38916015625,4585.3115234375,,,,,,,,,,,,,No,0,0,21361,549,0,0,0,0,0,0,0,0
C04,B2_MOI_1pg,,,,1,1701.09301757813,,OK,,DQ,Unknown,Unknown,,FAM,34021.859375,,,1729.3515625,1673.45520019531,22314,16543,5771,243.880158828756,0.979652583599091,,,1.0037505929901,0.955554541313449,2,,,,,,,2,0.489826283575886,,,0.501875296495048,0.477777270656725,32.8780804162082,,,33.4209308714189,32.3352299609975,4455.53826236131,518.364164794964,3437.2792448362,,,,,1715.43127441406,1686.91625976563,,,0.991942501749785,0.96736263255376,,,0.495971250874893,0.48368131627688,,,33.1549328287586,32.6012280036579,No,15575,968,5328,443,0,0,0,0,0,0,0,0
C04,B2_MOI_1pg,,,,2,3472.849609375,,OK,,DQ,Unknown,Unknown,,HEX,69456.9921875,,,3538.03442382813,3410.87719726563,22314,20903,1411,243.880158828756,,,,,,,,,,,,,,,,,,,,,,,,5654.43353279368,1400.93641226787,5385.46855846985,,,,,3505.68505859375,3440.84985351563,,,,,,,,,,,,,No,15575,968,5328,443,0,0,0,0,0,0,0,0
C05,C2_MOI_1pg,,,,1,6281.15673828125,,OK,,DQ,Unknown,Unknown,,FAM,125623.1328125,,,6496.58935546875,6097.2822265625,22708,22554,154,0,2.03546762466431,,,2.12575865581681,1.945176802173,2,,1722.78894042969,,,,,2,1.01773386449745,,,1.0628793279084,0.972588401086501,50.4394500387163,,,51.5483346316113,49.3305654458213,4563.38819754681,543.59572036545,4536.12696619724,,,,,6386.46142578125,6183.9912109375,,,2.08126187011439,1.98967358787542,,,1.0406309350572,0.994836793937708,,,51.0018589021498,49.8770411752828,No,22387,167,153,1,0,0,0,0,0,0,0,0
C05,C2_MOI_1pg,,,,2,6171.70849609375,,OK,,DQ,Unknown,Unknown,,HEX,123434.171875,,,6377.107421875,5995.189453125,22708,22540,168,0,,,,,,,,2415.78100585938,,,,,,,,,,,,,,,,5664.49301070016,1383.21159871419,5632.81891887289,,,,,6272.3134765625,6078.55810546875,,,,,,,,,,,,,No,22387,167,153,1,0,0,0,0,0,0,0,0
C06,D2_MOI_1pg,,,,1,83.7588500976563,,OK,,DQ,Unknown,Unknown,,FAM,1675.17700195313,,,88.259147644043,79.2746047973633,20739,1336,19403,0,,,,,,,,1234.83459472656,,,,,,,,,,,,,,,,4327.17006157972,521.720879756709,766.866745368144,,,,,86.0529098510742,81.4689788818359,,,,,,,,,,,,,No,0,1336,0,19403,0,0,0,0,0,0,0,0
C06,D2_MOI_1pg,,,,2,No Call,,CHECK,Automatic Analysis Unsuccessful,DQ,Unknown,Unknown,,HEX,,,,,,20739,0,20739,0,,,,,,,,,,,,,,,,,,,,,,,,,5840.75525973601,5840.75525973601,,,,,,,,,,,,,,,,,,,No,0,1336,0,19403,0,0,0,0,0,0,0,0
C07,E2_MOI_1pg,,,,1,14.8099384307861,,OK,,DQ,Unknown,Unknown,,FAM,296.198760986328,,,16.6969013214111,12.9258012771606,20248,237,20011,14.8099381296303,0.00295459176413715,,,0.0034248535972284,0.00248432977339278,2,,1207.00317382813,,,,,2,0.00147729584265529,,,0.0017124267986142,0.00124216488669639,0.14751166589476,,,0.170955443536387,0.124067888253133,4304.05115312665,518.168094033572,562.481324229397,,,,,15.7723197937012,13.8482904434204,,,0.00319311950542483,0.00271606386519635,,,0.00159655975271242,0.00135803193259817,,,0.159402897215824,0.135620434573696,No,237,0,20004,7,0,0,0,0,0,0,0,0
C07,E2_MOI_1pg,,,,2,10025.0322265625,,OK,,DQ,Unknown,Unknown,,HEX,200500.640625,,,11101.765625,9186.6552734375,20248,20241,7,14.8099381296303,,,,,,,,1499.04895019531,,,,,,,,,,,,,,,,5786.18109569,1393.04961286272,5784.66233233659,,,,,10536.0400390625,9574.8759765625,,,,,,,,,,,,,No,237,0,20004,7,0,0,0,0,0,0,0,0
C08,F2_MOI_1pg,,,,1,1136.3505859375,,OK,,DQ,Unknown,Unknown,,FAM,22727.01171875,,,1156.96276855469,1116.07080078125,21348,12698,8650,0,,,,,,,,1350.94799804688,,,,,,,,,,,,,,,,4358.72978511587,512.675710456275,2800.34643558404,,,,,1146.82470703125,1125.962890625,,,,,,,,,,,,,No,0,12698,0,8650,0,0,0,0,0,0,0,0
C08,F2_MOI_1pg,,,,2,No Call,,CHECK,Automatic Analysis Unsuccessful,DQ,Unknown,Unknown,,HEX,,,,,,21348,0,21348,0,,,,,,,,,,,,,,,,,,,,,,,,,5726.56943097828,5726.56943097828,,,,,,,,,,,,,,,,,,,No,0,12698,0,8650,0,0,0,0,0,0,0,0
C09,G2_MOI_1pg,,,,1,15.6752300262451,,OK,,DQ,Unknown,Unknown,,FAM,313.504608154297,,,17.5675640106201,13.785740852356,21317,264,21053,0,,,,,,,,1005.30902099609,,,,,,,,,,,,,,,,4432.67067695387,526.468717532764,574.845004875597,,,,,16.6403503417969,14.7108497619629,,,,,,,,,,,,,No,0,264,0,21053,0,0,0,0,0,0,0,0
C09,G2_MOI_1pg,,,,2,No Call,,CHECK,Automatic Analysis Unsuccessful,DQ,Unknown,Unknown,,HEX,,,,,,21317,0,21317,0,,,,,,,,,,,,,,,,,,,,,,,,,5955.68831096559,5955.68831096559,,,,,,,,,,,,,,,,,,,No,0,264,0,21053,0,0,0,0,0,0,0,0
D01,Positive_Control,,,,1,No Call,,CHECK,Automatic Analysis Unsuccessful,DQ,PosCtrl,Unknown,ddPCR Supermix for Probes (No dUTP),FAM,,,,,,20853,0,20853,0,,,,,,,,,,,,,,,,,,,,,,,,,4694.04986804956,4694.04986804956,,,,,,,,,,,,,,,,,,,No,0,0,0,20853,0,0,0,0,0,0,0,0
D01,Positive_Control,,,,2,No Call,,CHECK,Automatic Analysis Unsuccessful,DQ,PosCtrl,Unknown,ddPCR Supermix for Probes (No dUTP),HEX,,,,,,20853,0,20853,0,,,,,,,,,,,,,,,,,,,,,,,,,5716.17725014461,5716.17725014461,,,,,,,,,,,,,,,,,,,No,0,0,0,20853,0,0,0,0,0,0,0,0
D02,NTC,,,,1,0.287032306194305,,OK,,DQ,NTC,Unknown,,FAM,5.74064636230469,,,0.623804688453674,0.100913092494011,21914,5,21909,0,,,,,,,,565.110290527344,,,,,,,,,,,,,,,,1315.84354248047,476.505441316635,476.696948595353,,,,,0.437176257371902,0.17600043118,,,,,,,,,,,,,No,0,5,0,21909,0,0,0,0,0,0,0,0
D02,NTC,,,,2,No Call,,CHECK,Automatic Analysis Unsuccessful,DQ,NTC,Unknown,,HEX,,,,,,21914,0,21914,0,,,,,,,,,,,,,,,,,,,,,,,,,1395.00730093437,1395.00730093437,,,,,,,,,,,,,,,,,,,No,0,5,0,21909,0,0,0,0,0,0,0,0
D03,A3_MOI_1pg,,,,1,No Call,,CHECK,Automatic Analysis Unsuccessful,DQ,Unknown,Unknown,,FAM,,,,,,21355,0,21355,0,,,,,,,,,,,,,,,,,,,,,,,,,4675.24546018479,4675.24546018479,,,,,,,,,,,,,,,,,,,No,0,0,21147,208,0,0,0,0,0,0,0,0
D03,A3_MOI_1pg,,,,2,5825.7900390625,,OK,,DQ,Unknown,Unknown,,HEX,116515.796875,,,6008.55810546875,5666.23974609375,21355,21147,208,0,,,,,,,,1609.16882324219,,,,,,,,,,,,,,,,5607.64076375851,1376.61376131498,5566.43010505992,,,,,5915.720703125,5741.86181640625,,,,,,,,,,,,,No,0,0,21147,208,0,0,0,0,0,0,0,0
D04,B3_MOI_1pg,,,,1,482.624145507813,,OK,,DQ,Unknown,Unknown,,FAM,9652.482421875,,,493.942474365234,471.406799316406,22391,7135,15256,0,0.137384116649628,,,0.143555117074205,0.131213125273228,2,,1339.31652832031,,,,,2,0.0686920605868583,,,0.0717775585371026,0.065606562636614,6.42767576556496,,,6.69783517375445,6.15751635737548,4352.3895708155,522.751899319165,1743.08438943244,,,,,488.386077880859,476.888549804688,,,0.140517705741787,0.134250536605646,,,0.0702588528708935,0.0671252683028231,,,6.56486064885982,6.2904908822701,No,7106,29,15201,55,0,0,0,0,0,0,0,0
D04,B3_MOI_1pg,,,,2,7025.90869140625,,OK,,DQ,Unknown,Unknown,,HEX,140518.171875,,,7305.13330078125,6765.91552734375,22391,22307,84,0,,,,,,,,1954.88928222656,,,,,,,,,,,,,,,,5755.81984875649,1408.73579188756,5739.51173117456,,,,,7165.0439453125,6891.7138671875,,,,,,,,,,,,,No,7106,29,15201,55,0,0,0,0,0,0,0,0
D05,C3_MOI_1pg,,,,1,0.229275301098824,,OK,,DQ,Unknown,Unknown,,FAM,4.58550596237183,,,0.540640711784363,0.0691794157028198,21947,4,21943,0,0.799890637397766,,,1.76522337766512,0,2,,562.28466796875,,,,,2,0.399945315039232,,,0.882611688832559,0,28.5686384134243,,,53.1963977278274,3.94087909902124,1513.3423614502,474.759655939459,474.948945173616,,,,,0.366229891777039,0.131656229496002,,,1.28172849810216,0.318052762054772,,,0.640864249051079,0.159026381027386,,,40.8613810681403,16.2758957587084,No,0,4,10,21933,0,0,0,0,0,0,0,0
D05,C3_MOI_1pg,,,,2,0.573266625404358,,OK,,DQ,Unknown,Unknown,,HEX,11.46533203125,,,1.00992715358734,0.285396814346313,21947,10,21937,0,,,,,,,,1534.79174804688,,,,,,,,,,,,,,,,4108.97824707031,1381.55884825188,1382.80157819166,,,,,0.77483195066452,0.410145699977875,,,,,,,,,,,,,No,0,4,10,21933,0,0,0,0,0,0,0,0
D06,D3_MOI_1pg,,,,1,4392.900390625,,OK,,DQ,Unknown,Unknown,,FAM,87858.0078125,,,4493.62255859375,4299.6484375,20671,20042,629,0,,,,,,,,1638.197265625,,,,,,,,,,,,,,,,4517.14129287846,527.84940395143,4395.75071679917,,,,,4443.28125,4344.4599609375,,,,,,,,,,,,,No,0,20042,0,629,0,0,0,0,0,0,0,0
D06,D3_MOI_1pg,,,,2,No Call,,CHECK,Automatic Analysis Unsuccessful,DQ,Unknown,Unknown,,HEX,,,,,,20671,0,20671,0,,,,,,,,,,,,,,,,,,,,,,,,,5742.03486112815,5742.03486112815,,,,,,,,,,,,,,,,,,,No,0,20042,0,629,0,0,0,0,0,0,0,0
D07,E3_MOI_1pg,,,,1,1224.29211425781,,OK,,DQ,Unknown,Unknown,,FAM,24485.841796875,,,1247.51281738281,1201.49230957031,18908,11764,7144,0,,,,,,,,1435.01379394531,,,,,,,,,,,,,,,,4404.81382291263,521.049909679246,2937.41328366261,,,,,1236.0859375,1212.60791015625,,,,,,,,,,,,,No,0,11764,0,7144,0,0,0,0,0,0,0,0
D07,E3_MOI_1pg,,,,2,No Call,,CHECK,Automatic Analysis Unsuccessful,DQ,Unknown,Unknown,,HEX,,,,,,18908,0,18908,0,,,,,,,,,,,,,,,,,,,,,,,,,5782.09166900719,5782.09166900719,,,,,,,,,,,,,,,,,,,No,0,11764,0,7144,0,0,0,0,0,0,0,0
D08,F3_MOI_1pg,,,,1,842.93798828125,,OK,,DQ,Unknown,Unknown,,FAM,16858.759765625,,,859.789306640625,826.309387207031,20706,10112,10594,0,0.211824893951416,,,0.223455553932913,0.200194238538231,2,,1330.48913574219,,,,,2,0.105912448117786,,,0.111727776966456,0.100097119269116,9.57692883356583,,,10.052409415446,9.10144825168569,4434.2516980473,521.384222562479,2432.27555416214,,,,,851.507446289063,834.426574707031,,,0.217719385041353,0.205930407429791,,,0.108859692520677,0.102965203714895,,,9.81790531487863,9.33595235225303,No,10091,21,10578,16,0,0,0,0,0,0,0,0
D08,F3_MOI_1pg,,,,2,7958.81884765625,,OK,,DQ,Unknown,Unknown,,HEX,159176.375,,,8388.140625,7573.32080078125,20706,20669,37,0,,,,,,,,1609.67163085938,,,,,,,,,,,,,,,,5823.54010996356,1420.01886811128,5815.67136245325,,,,,8170.7060546875,7758.166015625,,,,,,,,,,,,,No,10091,21,10578,16,0,0,0,0,0,0,0,0
D09,G3_MOI_1pg,,,,1,3.12071490287781,,OK,,DQ,Unknown,Unknown,,FAM,62.4142990112305,,,4.06052541732788,2.33883047103882,20582,51,20531,3.12071486191928,0.000698966847267002,,,0.000897502609488529,0.000500431058707277,2,,1162.62365722656,,,,,2,0.000349483417048951,,,0.000448751304744265,0.000250215529353638,0.0349361321060682,,,0.0448559860151204,0.0250162781970161,4384.69871610754,526.641524827833,536.201378911754,,,,,3.57717156410217,2.70496797561646,,,0.000799526849129889,0.000598406819065917,,,0.000399763424564945,0.000299203409532958,,,0.039960620293382,0.0299116439187544,No,51,0,20514,17,0,0,0,0,0,0,0,0
D09,G3_MOI_1pg,,,,2,8929.5078125,,OK,,DQ,Unknown,Unknown,,HEX,178590.15625,,,9582.3330078125,8372.8134765625,20582,20565,17,3.12071486191928,,,,,,,,1579.66369628906,,,,,,,,,,,,,,,,5938.93182436857,1454.91037884881,5935.22818212905,,,,,9247.2666015625,8636.3955078125,,,,,,,,,,,,,No,51,0,20514,17,0,0,0,0,0,0,0,0
E01,Positive_Control,,,,1,No Call,,CHECK,Automatic Analysis Unsuccessful,DQ,PosCtrl,Unknown,ddPCR Supermix for Probes (No dUTP),FAM,,,,,,22093,0,22093,0,,,,,,,,,,,,,,,,,,,,,,,,,4726.23818583923,4726.23818583923,,,,,,,,,,,,,,,,,,,No,0,0,0,22093,0,0,0,0,0,0,0,0
E01,Positive_Control,,,,2,No Call,,CHECK,Automatic Analysis Unsuccessful,DQ,PosCtrl,Unknown,ddPCR Supermix for Probes (No dUTP),HEX,,,,,,22093,0,22093,0,,,,,,,,,,,,,,,,,,,,,,,,,5759.50266842952,5759.50266842952,,,,,,,,,,,,,,,,,,,No,0,0,0,22093,0,0,0,0,0,0,0,0
E02,NTC,,,,1,2.01589417457581,,OK,,DQ,NTC,Unknown,,FAM,40.3178825378418,,,2.75076270103455,1.42546248435974,22481,36,22445,0,,,,,,,,552.459899902344,,,,,,,,,,,,,,,,665.464465671115,475.915414301583,476.21894910205,,,,,2.36996102333069,1.69907283782959,,,,,,,,,,,,,No,0,36,0,22445,0,0,0,0,0,0,0,0
E02,NTC,,,,2,No Call,,CHECK,Automatic Analysis Unsuccessful,DQ,NTC,Unknown,,HEX,,,,,,22481,0,22481,0,,,,,,,,,,,,,,,,,,,,,,,,,1393.97512767835,1393.97512767835,,,,,,,,,,,,,,,,,,,No,0,36,0,22445,0,0,0,0,0,0,0,0
E03,A1_MOI_1pg,,,,1,7947.37255859375,,OK,,DQ,Unknown,Unknown,,FAM,158947.453125,,,8370.6484375,7566.748046875,21073,21035,38,0,2.49463534355164,,,2.64634717601232,2.34292370623929,2,,596.886108398438,,,,,2,1.2473177205629,,,1.32317358800616,1.17146185311964,55.5025090199741,,,57.0044754515355,54.0005425884128,4586.98529881141,518.450718126799,4579.64869206031,,,,,8156.4033203125,7749.2900390625,,,2.57147165075249,2.41779923149911,,,1.28573582537625,1.20889961574956,,,56.2631977542637,54.7418202856845,No,20902,133,38,0,0,0,0,0,0,0,0,0
E03,A1_MOI_1pg,,,,2,6371.5703125,,OK,,DQ,Unknown,Unknown,,HEX,127431.40625,,,6605.06298828125,6174.70947265625,21073,20940,133,0,,,,,,,,1828.39184570313,,,,,,,,,,,,,,,,5641.77573743527,1391.8284352238,5614.95264669384,,,,,6485.28515625,6267.28955078125,,,,,,,,,,,,,No,20902,133,38,0,0,0,0,0,0,0,0,0
E04,B1_MOI_1pg,,,,1,943.482849121094,,OK,,DQ,Unknown,Unknown,,FAM,18869.65625,,,961.228881835938,925.983764648438,21868,11539,10329,106.381458697318,0.281983375549316,,,0.293410319277457,0.270556432637156,2,,1353.974609375,,,,,2,0.140991687978653,,,0.146705159638729,0.135278216318578,12.356942602135,,,12.7958118155752,11.9180733886947,4376.75899700202,519.334315503575,2554.7661519683,,,,,952.505676269531,934.524353027344,,,0.287772355126952,0.276194396787661,,,0.143886177563476,0.13809719839383,,,12.5792771901017,12.1346080141683,No,11487,52,10274,55,0,0,0,0,0,0,0,0
E04,B1_MOI_1pg,,,,2,6691.76220703125,,OK,,DQ,Unknown,Unknown,,HEX,133835.25,,,6955.29296875,6473.99267578125,21868,21761,107,106.381458697318,,,,,,,,1556.21520996094,,,,,,,,,,,,,,,,5711.00374491816,1399.92452974409,5689.9096587638,,,,,6819.32080078125,6575.9560546875,,,,,,,,,,,,,No,11487,52,10274,55,0,0,0,0,0,0,0,0
E05,C1_MOI_1pg,,,,1,208.01741027832,,OK,,DQ,Unknown,Unknown,,FAM,4160.34814453125,,,214.966812133789,201.106201171875,22759,3469,19290,0,0.0550570376217365,,,0.0580846094143941,0.0520294655068931,2,,1266.34509277344,,,,,2,0.0275285187303218,,,0.0290423047071971,0.0260147327534466,2.67910021264789,,,2.8224762948388,2.53572413045699,4325.4053301972,514.24578730819,1095.15498605515,,,,,211.558227539063,204.486526489258,,,0.0565949544147652,0.0535191205065221,,,0.0282974772073826,0.0267595602532611,,,2.75193101930924,2.60626940598655,No,3460,9,19243,47,0,0,0,0,0,0,0,0
E05,C1_MOI_1pg,,,,2,7556.43310546875,,OK,,DQ,Unknown,Unknown,,HEX,151128.65625,,,7901.458984375,7240.29638671875,22759,22703,56,0,,,,,,,,1523.69897460938,,,,,,,,,,,,,,,,5741.83957437051,1408.17413112095,5731.1763086373,,,,,7727.63525390625,7392.642578125,,,,,,,,,,,,,No,3460,9,19243,47,0,0,0,0,0,0,0,0
E06,D1_MOI_1pg,,,,1,5706.33251953125,,OK,,DQ,Unknown,Unknown,,FAM,114126.6484375,,,5903.83056640625,5535.6767578125,16806,16626,180,0,,,,,,,,1856.40087890625,,,,,,,,,,,,,,,,4423.01205349255,550.123020426432,4381.53162829013,,,,,5803.22216796875,5616.375,,,,,,,,,,,,,No,0,16626,0,180,0,0,0,0,0,0,0,0
E06,D1_MOI_1pg,,,,2,No Call,,CHECK,Automatic Analysis Unsuccessful,DQ,Unknown,Unknown,,HEX,,,,,,16806,0,16806,0,,,,,,,,,,,,,,,,,,,,,,,,,5573.94695847355,5573.94695847355,,,,,,,,,,,,,,,,,,,No,0,16626,0,180,0,0,0,0,0,0,0,0
E07,E1_MOI_1pg,,,,1,10.6164140701294,,OK,,DQ,Unknown,Unknown,,FAM,212.328277587891,,,12.1640300750732,9.07070064544678,21536,181,21355,10.6164140729337,0.00181812699884176,,,0.00221739740503921,0.00141885670536119,2,,677.18603515625,,,,,2,0.000909063527600099,,,0.0011086987025196,0.000709428352680595,0.090823788166749,,,0.110751058880851,0.070896517452647,4322.22420168713,518.029885717779,550.002358377068,,,,,11.4057760238647,9.82754802703857,,,0.00201687269560992,0.00161938141479047,,,0.00100843634780496,0.000809690707395236,,,0.100743027552516,0.0809045487809817,No,181,0,21353,2,0,0,0,0,0,0,0,0
E07,E1_MOI_1pg,,,,2,11678.4072265625,,OK,,DQ,Unknown,Unknown,,HEX,233568.140625,,,14052.2060546875,10214.1455078125,21536,21534,2,10.6164140729337,,,,,,,,1426.81616210938,,,,,,,,,,,,,,,,5846.56849434166,1375.99108886719,5846.15332184858,,,,,12728.3583984375,10856.236328125,,,,,,,,,,,,,No,181,0,21353,2,0,0,0,0,0,0,0,0
E08,F1_MOI_1pg,,,,1,No Call,,CHECK,Automatic Analysis Unsuccessful,DQ,Unknown,Unknown,,FAM,,,,,,21404,0,21404,0,,,,,,,,,,,,,,,,,,,,,,,,,4665.38806364501,4665.38806364501,,,,,,,,,,,,,,,,,,,No,0,0,21290,114,0,0,0,0,0,0,0,0
E08,F1_MOI_1pg,,,,2,6585.07470703125,,OK,,DQ,Unknown,Unknown,,HEX,131701.5,,,6839.43408203125,6373.60009765625,21404,21290,114,0,,,,,,,,1577.66491699219,,,,,,,,,,,,,,,,5640.56043471824,1384.95033665707,5617.89459883808,,,,,6708.42578125,6472.74755859375,,,,,,,,,,,,,No,0,0,21290,114,0,0,0,0,0,0,0,0
E09,G1_MOI_1pg,,,,1,8.77648544311523,,OK,,DQ,Unknown,Unknown,,FAM,175.529708862305,,,10.1725225448608,7.38199710845947,21861,152,21709,0,,,,,,,,1223.61767578125,,,,,,,,,,,,,,,,4366.91163876182,518.245647239413,545.005504094607,,,,,9.48855590820313,8.06481838226318,,,,,,,,,,,,,No,0,152,0,21709,0,0,0,0,0,0,0,0
E09,G1_MOI_1pg,,,,2,No Call,,CHECK,Automatic Analysis Unsuccessful,DQ,Unknown,Unknown,,HEX,,,,,,21861,0,21861,0,,,,,,,,,,,,,,,,,,,,,,,,,5854.41832045388,5854.41832045388,,,,,,,,,,,,,,,,,,,No,0,152,0,21709,0,0,0,0,0,0,0,0
F01,Positive_Control,,,,1,No Call,,CHECK,Automatic Analysis Unsuccessful,DQ,PosCtrl,Unknown,ddPCR Supermix for Probes (No dUTP),FAM,,,,,,21169,0,21169,0,,,,,,,,,,,,,,,,,,,,,,,,,4705.8843410286,4705.8843410286,,,,,,,,,,,,,,,,,,,No,0,0,0,21169,0,0,0,0,0,0,0,0
F01,Positive_Control,,,,2,No Call,,CHECK,Automatic Analysis Unsuccessful,DQ,PosCtrl,Unknown,ddPCR Supermix for Probes (No dUTP),HEX,,,,,,21169,0,21169,0,,,,,,,,,,,,,,,,,,,,,,,,,5733.32345729974,5733.32345729974,,,,,,,,,,,,,,,,,,,No,0,0,0,21169,0,0,0,0,0,0,0,0
F02,NTC,,,,1,1.51311218738556,,OK,,DQ,NTC,Unknown,,FAM,30.262243270874,,,2.17450618743896,1.00188398361206,21627,26,21601,0,,,,,,,,555.270629882813,,,,,,,,,,,,,,,,709.256969745343,476.420897938787,476.700813686092,,,,,1.82905828952789,1.23590195178986,,,,,,,,,,,,,No,0,26,0,21601,0,0,0,0,0,0,0,0
F02,NTC,,,,2,No Call,,CHECK,Automatic Analysis Unsuccessful,DQ,NTC,Unknown,,HEX,,,,,,21627,0,21627,0,,,,,,,,,,,,,,,,,,,,,,,,,1397.17873351489,1397.17873351489,,,,,,,,,,,,,,,,,,,No,0,26,0,21601,0,0,0,0,0,0,0,0
F03,A2_MOI_1pg,,,,1,No Call,,CHECK,Automatic Analysis Unsuccessful,DQ,Unknown,Unknown,,FAM,,,,,,21606,0,21606,0,,,,,,,,,,,,,,,,,,,,,,,,,4584.70236803525,4584.70236803525,,,,,,,,,,,,,,,,,,,No,0,0,21439,167,0,0,0,0,0,0,0,0
F03,A2_MOI_1pg,,,,2,6116.64453125,,OK,,DQ,Unknown,Unknown,,HEX,122332.890625,,,6322.67333984375,5939.66064453125,21606,21439,167,0,,,,,,,,1633.97192382813,,,,,,,,,,,,,,,,5515.98110914228,1352.78947476141,5483.80240864512,,,,,6217.544921875,6023.24072265625,,,,,,,,,,,,,No,0,0,21439,167,0,0,0,0,0,0,0,0
F04,B2_MOI_1pg,,,,1,1898.45788574219,,OK,,DQ,Unknown,Unknown,,FAM,37969.15625,,,1929.71044921875,1867.96276855469,22477,17508,4969,35.3733292799677,0.93286257982254,,,0.956906367704771,0.908818768898565,2,,1450.43786621094,,,,,2,0.466431284150834,,,0.478453183852385,0.454409384449283,31.807237692759,,,32.3662864239814,31.2481889615366,4439.11794285364,518.418130685396,3572.36715908961,,,,,1914.30590820313,1882.80676269531,,,0.945121416465399,0.920603720137936,,,0.4725607082327,0.460301860068968,,,32.0922714096556,31.5222039758624,No,16825,683,4768,201,0,0,0,0,0,0,0,0
F04,B2_MOI_1pg,,,,2,4070.17700195313,,OK,,DQ,Unknown,Unknown,,HEX,81403.5390625,,,4154.1953125,3991.42114257813,22477,21593,884,35.3733292799677,,,,,,,,2120.75952148438,,,,,,,,,,,,,,,,5627.78517698607,1382.83253444482,5460.83504413887,,,,,4112.341796875,4029.3798828125,,,,,,,,,,,,,No,16825,683,4768,201,0,0,0,0,0,0,0,0
F05,C2_MOI_1pg,,,,1,7388.564453125,,OK,,DQ,Unknown,Unknown,,FAM,147771.28125,,,7736.87109375,7069.6787109375,19560,19505,55,0,1.88156080245972,,,2.00997572792754,1.75314585316854,2,,1273.84399414063,,,,,2,0.940780395274021,,,1.00498786396377,0.876572926584269,48.4743352501348,,,50.1789755660622,46.7696949342074,4558.87750966048,534.394008567116,4547.56122169729,,,,,7561.34716796875,7223.32763671875,,,1.9466046581283,1.81651692296779,,,0.973302329064148,0.908258461483893,,,49.3377581606135,47.6109123396562,No,19467,38,55,0,0,0,0,0,0,0,0,0
F05,C2_MOI_1pg,,,,2,7853.65478515625,,OK,,DQ,Unknown,Unknown,,HEX,157073.09375,,,8276.9306640625,7473.0302734375,19560,19522,38,0,,,,,,,,1605.62634277344,,,,,,,,,,,,,,,,5638.01435529867,1387.90226665296,5629.75749132277,,,,,8062.68505859375,7655.57177734375,,,,,,,,,,,,,No,19467,38,55,0,0,0,0,0,0,0,0,0
F06,D2_MOI_1pg,,,,1,90.6387252807617,,OK,,DQ,Unknown,Unknown,,FAM,1812.77453613281,,,95.349723815918,85.9453125,20540,1428,19112,0,,,,,,,,1251.08984375,,,,,,,,,,,,,,,,4268.75434708796,524.370941869481,784.691268191389,,,,,93.0401000976563,88.2419509887695,,,,,,,,,,,,,No,0,1428,0,19112,0,0,0,0,0,0,0,0
F06,D2_MOI_1pg,,,,2,No Call,,CHECK,Automatic Analysis Unsuccessful,DQ,Unknown,Unknown,,HEX,,,,,,20540,0,20540,0,,,,,,,,,,,,,,,,,,,,,,,,,5804.1555843305,5804.1555843305,,,,,,,,,,,,,,,,,,,No,0,1428,0,19112,0,0,0,0,0,0,0,0
F07,E2_MOI_1pg,,,,1,15.1005611419678,,OK,,DQ,Unknown,Unknown,,FAM,302.01123046875,,,16.9374465942383,13.2663536071777,21788,260,21528,15.1005611402316,0.00371511769481003,,,0.004206743355954,0.00322349202121198,2,,1016.79693603516,,,,,2,0.00185755884429149,,,0.002103371677977,0.00161174601060599,0.185411471710041,,,0.209901686544169,0.160921256875913,4372.45231276292,520.549736857902,566.515161391374,,,,,16.0374126434326,14.1644058227539,,,0.00396564373999537,0.0034645916371706,,,0.00198282186999768,0.0017322958185853,,,0.197891366938955,0.172931576481127,No,260,0,21494,34,0,0,0,0,0,0,0,0
F07,E2_MOI_1pg,,,,2,8129.25048828125,,OK,,DQ,Unknown,Unknown,,HEX,162585.015625,,,8578.3203125,7727.8994140625,21788,21754,34,15.1005611402316,,,,,,,,1534.5400390625,,,,,,,,,,,,,,,,5851.0634882791,1425.93281465418,5844.15810720221,,,,,8350.6337890625,7920.11572265625,,,,,,,,,,,,,No,260,0,21494,34,0,0,0,0,0,0,0,0
F08,F2_MOI_1pg,,,,1,1161.31433105469,,OK,,DQ,Unknown,Unknown,,FAM,23226.287109375,,,1182.56127929688,1140.42041015625,20779,12525,8254,0,0.208806037902832,,,0.237544842019674,0.180067231017655,2,,1377.79064941406,,,,,2,0.104403018259332,,,0.118772421009837,0.0900336155088273,9.45334416270279,,,10.6314479381598,8.27524038724576,4345.10125369378,513.86398255903,2823.22664779618,,,,,1172.10974121094,1150.61083984375,,,0.223013795797249,0.194598277240079,,,0.111506897898625,0.0972991386200394,,,10.0357697212841,8.87091860412145,No,12523,2,8253,1,0,0,0,0,0,0,0,0
F08,F2_MOI_1pg,,,,2,11123.37890625,,OK,,DQ,Unknown,Unknown,,HEX,222467.578125,,,12932.5478515625,9897.359375,20779,20776,3,0,,,,,,,,1429.46997070313,,,,,,,,,,,,,,,,5711.6221946449,1372.27823893229,5710.99569520473,,,,,11946.734375,10447.0732421875,,,,,,,,,,,,,No,12523,2,8253,1,0,0,0,0,0,0,0,0
F09,G2_MOI_1pg,,,,1,16.2940063476563,,OK,,DQ,Unknown,Unknown,,FAM,325.880126953125,,,18.2427177429199,14.3483114242554,20901,269,20632,0,,,,,,,,1208.01379394531,,,,,,,,,,,,,,,,4413.34442479017,523.759452503289,573.819179671614,,,,,17.2878704071045,15.300929069519,,,,,,,,,,,,,No,0,269,0,20632,0,0,0,0,0,0,0,0
F09,G2_MOI_1pg,,,,2,No Call,,CHECK,Automatic Analysis Unsuccessful,DQ,Unknown,Unknown,,HEX,,,,,,20901,0,20901,0,,,,,,,,,,,,,,,,,,,,,,,,,5950.50393003213,5950.50393003213,,,,,,,,,,,,,,,,,,,No,0,269,0,20632,0,0,0,0,0,0,0,0
G01,Positive_Control,,,,1,No Call,,CHECK,Automatic Analysis Unsuccessful,DQ,PosCtrl,Unknown,ddPCR Supermix for Probes (No dUTP),FAM,,,,,,22345,0,22345,0,,,,,,,,,,,,,,,,,,,,,,,,,4582.44224703557,4582.44224703557,,,,,,,,,,,,,,,,,,,No,0,0,0,22345,0,0,0,0,0,0,0,0
G01,Positive_Control,,,,2,No Call,,CHECK,Automatic Analysis Unsuccessful,DQ,PosCtrl,Unknown,ddPCR Supermix for Probes (No dUTP),HEX,,,,,,22345,0,22345,0,,,,,,,,,,,,,,,,,,,,,,,,,5569.80582740563,5569.80582740563,,,,,,,,,,,,,,,,,,,No,0,0,0,22345,0,0,0,0,0,0,0,0
G02,NTC,,,,1,No Call,,CHECK,Automatic Analysis Unsuccessful,DQ,NTC,Unknown,,FAM,,,,,,22501,0,22501,0,,,,,,,,,,,,,,,,,,,,,,,,,474.772724863487,474.772724863487,,,,,,,,,,,,,,,,,,,No,0,0,0,22501,0,0,0,0,0,0,0,0
G02,NTC,,,,2,No Call,,CHECK,Automatic Analysis Unsuccessful,DQ,NTC,Unknown,,HEX,,,,,,22501,0,22501,0,,,,,,,,,,,,,,,,,,,,,,,,,1389.82973813903,1389.82973813903,,,,,,,,,,,,,,,,,,,No,0,0,0,22501,0,0,0,0,0,0,0,0
G03,A3_MOI_1pg,,,,1,No Call,,CHECK,Automatic Analysis Unsuccessful,DQ,Unknown,Unknown,,FAM,,,,,,21508,0,21508,0,,,,,,,,,,,,,,,,,,,,,,,,,4697.15487353634,4697.15487353634,,,,,,,,,,,,,,,,,,,No,0,0,21305,203,0,0,0,0,0,0,0,0
G03,A3_MOI_1pg,,,,2,5865.37646484375,,OK,,DQ,Unknown,Unknown,,HEX,117307.53125,,,6050.58544921875,5703.97021484375,21508,21305,203,0,,,,,,,,2338.849609375,,,,,,,,,,,,,,,,5640.03480332613,1385.12924600235,5599.87552175013,,,,,5956.462890625,5780.4423828125,,,,,,,,,,,,,No,0,0,21305,203,0,0,0,0,0,0,0,0
G04,B3_MOI_1pg,,,,1,457.461547851563,,OK,,DQ,Unknown,Unknown,,FAM,9149.23046875,,,468.363128662109,446.653656005859,22628,6899,15729,89.9943521788721,0.127396374940872,,,0.133292880879888,0.12149987659506,2,,1304.38037109375,,,,,2,0.0636981893687369,,,0.0666464404399438,0.06074993829753,5.98837057403842,,,6.24894250123657,5.72779864684026,4281.44112516448,512.513882824436,1661.61362848928,,,,,463.011749267578,451.935729980469,,,0.130390330487128,0.12440242698782,,,0.0651951652435638,0.0622012134939099,,,6.12067609322648,5.85606505485035,No,6880,19,15673,56,0,0,0,0,0,0,0,0
G04,B3_MOI_1pg,,,,2,7181.7041015625,,OK,,DQ,Unknown,Unknown,,HEX,143634.078125,,,7477.87109375,6907.0732421875,22628,22553,75,89.9943521788721,,,,,,,,1511.57470703125,,,,,,,,,,,,,,,,5650.46430266345,1390.21420898438,5636.34379899428,,,,,7329.13623046875,7039.81201171875,,,,,,,,,,,,,No,6880,19,15673,56,0,0,0,0,0,0,0,0
G05,C3_MOI_1pg,,,,1,No Call,,CHECK,Automatic Analysis Unsuccessful,DQ,Unknown,Unknown,,FAM,,,,,,20351,0,20351,0,,,,,,,,,,,,,,,,,,,,,,,,,472.388590058919,472.388590058919,,,,,,,,,,,,,,,,,,,No,0,0,8,20343,0,0,0,0,0,0,0,0
G05,C3_MOI_1pg,,,,2,0.494563966989517,,OK,,DQ,Unknown,Unknown,,HEX,9.89127922058105,,,0.926168084144592,0.223889738321304,20351,8,20343,0,,,,,,,,1540.96337890625,,,,,,,,,,,,,,,,3093.77307128906,1392.22106744575,1392.88994936952,,,,,0.691763758659363,0.339002668857574,,,,,,,,,,,,,No,0,0,8,20343,0,0,0,0,0,0,0,0
G06,D3_MOI_1pg,,,,1,4245.02001953125,,OK,,DQ,Unknown,Unknown,,FAM,84900.3984375,,,4339.05908203125,4157.525390625,20891,20176,715,0,,,,,,,,1659.65783691406,,,,,,,,,,,,,,,,4509.56457199472,530.256935087617,4373.37171572223,,,,,4292.12060546875,4199.6201171875,,,,,,,,,,,,,No,0,20176,0,715,0,0,0,0,0,0,0,0
G06,D3_MOI_1pg,,,,2,No Call,,CHECK,Automatic Analysis Unsuccessful,DQ,Unknown,Unknown,,HEX,,,,,,20891,0,20891,0,,,,,,,,,,,,,,,,,,,,,,,,,5749.34472684297,5749.34472684297,,,,,,,,,,,,,,,,,,,No,0,20176,0,715,0,0,0,0,0,0,0,0
G07,E3_MOI_1pg,,,,1,1444.41577148438,,OK,,DQ,Unknown,Unknown,,FAM,28888.31640625,,,1469.08618164063,1420.2197265625,21925,14971,6954,0,,,,,,,,1434.99438476563,,,,,,,,,,,,,,,,4439.8176402601,521.772224252924,3197.12264263575,,,,,1456.94226074219,1432.0126953125,,,,,,,,,,,,,No,0,14971,0,6954,0,0,0,0,0,0,0,0
G07,E3_MOI_1pg,,,,2,No Call,,CHECK,Automatic Analysis Unsuccessful,DQ,Unknown,Unknown,,HEX,,,,,,21925,0,21925,0,,,,,,,,,,,,,,,,,,,,,,,,,5855.40850039196,5855.40850039196,,,,,,,,,,,,,,,,,,,No,0,14971,0,6954,0,0,0,0,0,0,0,0
G08,F3_MOI_1pg,,,,1,879.516662597656,,OK,,DQ,Unknown,Unknown,,FAM,17590.333984375,,,896.294738769531,862.959411621094,22148,11141,11007,7.63343947395866,0.215835899114609,,,0.227816761307948,0.203855048074421,2,,1313.65173339844,,,,,2,0.107917952345592,,,0.113908380653974,0.101927524037211,9.74060869012163,,,10.2286343707736,9.25258300946966,4302.86596021181,504.163347755973,2415.00612386986,,,,,888.049011230469,871.041870117188,,,0.221906634942128,0.209765174440242,,,0.110953317471064,0.104882587220121,,,9.98789253279993,9.49332484744333,No,11124,17,10990,17,0,0,0,0,0,0,0,0
G08,F3_MOI_1pg,,,,2,8149.8642578125,,OK,,DQ,Unknown,Unknown,,HEX,162997.28125,,,8598.9345703125,7748.51318359375,22148,22114,34,7.63343947395866,,,,,,,,1505.50634765625,,,,,,,,,,,,,,,,5642.58262065851,1394.90699678309,5636.06189773943,,,,,8371.248046875,7940.7294921875,,,,,,,,,,,,,No,11124,17,10990,17,0,0,0,0,0,0,0,0
G09,G3_MOI_1pg,,,,1,2.8430118560791,,OK,,DQ,Unknown,Unknown,,FAM,56.860237121582,,,3.70833468437195,2.12437415122986,22147,50,22097,2.84301175525404,0.000635324628092349,,,0.000817151945941546,0.000453497270640804,2,,632.945007324219,,,,,2,0.000317662304145587,,,0.000408575972970773,0.000226748635320402,0.0317561426851026,,,0.0408417363495639,0.0226705490206413,4106.91997802734,516.950173585454,525.055040620361,,,,,3.26312804222107,2.46070790290833,,,0.000727423386597799,0.00054322582998455,,,0.000363711693298899,0.000271612914992275,,,0.0363581573628751,0.0271541280073302,No,50,0,22079,18,0,0,0,0,0,0,0,0
G09,G3_MOI_1pg,,,,2,8949.79296875,,OK,,DQ,Unknown,Unknown,,HEX,178995.859375,,,9582.4794921875,8407.8515625,22147,22129,18,2.84301175525404,,,,,,,,1599.88122558594,,,,,,,,,,,,,,,,5869.35135225155,1451.57386610243,5865.7607984632,,,,,9258.119140625,8664.701171875,,,,,,,,,,,,,No,50,0,22079,18,0,0,0,0,0,0,0,0
H01,Positive_Control,,,,1,No Call,,CHECK,Automatic Analysis Unsuccessful,DQ,PosCtrl,Unknown,ddPCR Supermix for Probes (No dUTP),FAM,,,,,,20736,0,20736,0,,,,,,,,,,,,,,,,,,,,,,,,,4649.36557190507,4649.36557190507,,,,,,,,,,,,,,,,,,,No,0,0,0,20736,0,0,0,0,0,0,0,0
H01,Positive_Control,,,,2,No Call,,CHECK,Automatic Analysis Unsuccessful,DQ,PosCtrl,Unknown,ddPCR Supermix for Probes (No dUTP),HEX,,,,,,20736,0,20736,0,,,,,,,,,,,,,,,,,,,,,,,,,5676.80120851964,5676.80120851964,,,,,,,,,,,,,,,,,,,No,0,0,0,20736,0,0,0,0,0,0,0,0
H02,NTC,,,,1,No Call,,CHECK,Automatic Analysis Unsuccessful,DQ,NTC,Unknown,,FAM,,,,,,21993,0,21993,0,,,,,,,,,,,,,,,,,,,,,,,,,479.191545125586,479.191545125586,,,,,,,,,,,,,,,,,,,No,0,0,0,21993,0,0,0,0,0,0,0,0
H02,NTC,,,,2,No Call,,CHECK,Automatic Analysis Unsuccessful,DQ,NTC,Unknown,,HEX,,,,,,21993,0,21993,0,,,,,,,,,,,,,,,,,,,,,,,,,1403.94171319359,1403.94171319359,,,,,,,,,,,,,,,,,,,No,0,0,0,21993,0,0,0,0,0,0,0,0
H03,H2O,,,,1,0.697617053985596,,OK,,DQ,NTC,Unknown,,FAM,13.9523410797119,,,1.17413747310638,0.371723592281342,21643,12,21631,0,,,,,,,,570.192138671875,,,,,,,,,,,,,,,,898.588267008464,490.706483193461,490.932633976892,,,,,0.919249534606934,0.51486212015152,,,,,,,,,,,,,No,0,12,0,21631,0,0,0,0,0,0,0,0
H03,H2O,,,,2,No Call,,CHECK,Automatic Analysis Unsuccessful,DQ,NTC,Unknown,,HEX,,,,,,21643,0,21643,0,,,,,,,,,,,,,,,,,,,,,,,,,1437.97459153513,1437.97459153513,,,,,,,,,,,,,,,,,,,No,0,12,0,21631,0,0,0,0,0,0,0,0
H04,H2O,,,,1,No Call,,CHECK,Automatic Analysis Unsuccessful,DQ,NTC,Unknown,,FAM,,,,,,22872,0,22872,0,,,,,,,,,,,,,,,,,,,,,,,,,474.496431057834,474.496431057834,,,,,,,,,,,,,,,,,,,No,0,0,0,22872,0,0,0,0,0,0,0,0
H04,H2O,,,,2,No Call,,CHECK,Automatic Analysis Unsuccessful,DQ,NTC,Unknown,,HEX,,,,,,22872,0,22872,0,,,,,,,,,,,,,,,,,,,,,,,,,1378.25909168181,1378.25909168181,,,,,,,,,,,,,,,,,,,No,0,0,0,22872,0,0,0,0,0,0,0,0
H05,H2O,,,,1,No Call,,CHECK,Automatic Analysis Unsuccessful,DQ,NTC,Unknown,,FAM,,,,,,21144,0,21144,0,,,,,,,,,,,,,,,,,,,,,,,,,463.476776468001,463.476776468001,,,,,,,,,,,,,,,,,,,No,0,0,0,21144,0,0,0,0,0,0,0,0
H05,H2O,,,,2,No Call,,CHECK,Automatic Analysis Unsuccessful,DQ,NTC,Unknown,,HEX,,,,,,21144,0,21144,0,,,,,,,,,,,,,,,,,,,,,,,,,1362.81480769122,1362.81480769122,,,,,,,,,,,,,,,,,,,No,0,0,0,21144,0,0,0,0,0,0,0,0
H06,H2O,,,,1,1.96720945835114,,OK,,DQ,NTC,Unknown,,FAM,39.3441886901855,,,2.69557619094849,1.38380765914917,22397,35,22362,0,,,,,,,,559.351379394531,,,,,,,,,,,,,,,,673.150155203683,483.921874800753,484.217583592738,,,,,2.31792068481445,1.65388011932373,,,,,,,,,,,,,No,0,35,0,22362,0,0,0,0,0,0,0,0
H06,H2O,,,,2,No Call,,CHECK,Automatic Analysis Unsuccessful,DQ,NTC,Unknown,,HEX,,,,,,22397,0,22397,0,,,,,,,,,,,,,,,,,,,,,,,,,1417.55512475011,1417.55512475011,,,,,,,,,,,,,,,,,,,No,0,35,0,22362,0,0,0,0,0,0,0,0
H07,H2O,,,,1,0.574788868427277,,OK,,DQ,NTC,Unknown,,FAM,11.495777130127,,,1.04145526885986,0.274077653884888,19700,9,19691,0,,,,,,,,578.373718261719,,,,,,,,,,,,,,,,989.670274522569,491.765539426485,491.993008594803,,,,,0.789188504219055,0.403282731771469,,,,,,,,,,,,,No,0,9,0,19691,0,0,0,0,0,0,0,0
H07,H2O,,,,2,No Call,,CHECK,Automatic Analysis Unsuccessful,DQ,NTC,Unknown,,HEX,,,,,,19700,0,19700,0,,,,,,,,,,,,,,,,,,,,,,,,,1459.54797111085,1459.54797111085,,,,,,,,,,,,,,,,,,,No,0,9,0,19691,0,0,0,0,0,0,0,0
H08,H2O,,,,1,No Call,,CHECK,Automatic Analysis Unsuccessful,DQ,NTC,Unknown,,FAM,,,,,,21341,0,21341,0,,,,,,,,,,,,,,,,,,,,,,,,,469.576847729031,469.576847729031,,,,,,,,,,,,,,,,,,,No,0,0,0,21341,0,0,0,0,0,0,0,0
H08,H2O,,,,2,No Call,,CHECK,Automatic Analysis Unsuccessful,DQ,NTC,Unknown,,HEX,,,,,,21341,0,21341,0,,,,,,,,,,,,,,,,,,,,,,,,,1391.53464465407,1391.53464465407,,,,,,,,,,,,,,,,,,,No,0,0,0,21341,0,0,0,0,0,0,0,0
H09,H2O,,,,1,0.114174611866474,,OK,,DQ,NTC,Unknown,,FAM,2.28349232673645,,,0.365737825632095,0.0172967873513699,22035,2,22033,0,,,,,,,,572.662475585938,,,,,,,,,,,,,,,,2478.95208740234,484.973339436258,485.154322304238,,,,,0.219509869813919,0.049550499767065,,,,,,,,,,,,,No,0,2,0,22033,0,0,0,0,0,0,0,0
H09,H2O,,,,2,No Call,,CHECK,Automatic Analysis Unsuccessful,DQ,NTC,Unknown,,HEX,,,,,,22035,0,22035,0,,,,,,,,,,,,,,,,,,,,,,,,,1441.68944700902,1441.68944700902,,,,,,,,,,,,,,,,,,,No,0,2,0,22033,0,0,0,0,0,0,0,0